#{"t_start": 1733157610.5301194, "env_id": "TruckTrailer-v1"}
r,l,t
-81.477814,2341,10.074093
