#{"t_start": 1680614209.3837502, "env_id": "TruckTrailer-v1"}
r,l,t
-527.922776,346,15.337744
-165549.28269,3087,39.789567
