#{"t_start": 1682414008.1200879, "env_id": "TruckTrailer-v1"}
r,l,t
-350.636438,3112,41.359324
-242.439646,1346,55.248011
-538.181341,1466,65.664289
-365.65925,1972,83.870484
